{"cameraMode":{"drawMode":0,"name":"Shaded","section":"Shading Mode"},"sceneLighting":true,"audioPlay":false,"sceneViewState":{"showFog":true,"showMaterialUpdate":true,"showSkybox":true,"showFlares":true,"showImageEffects":true,"showParticleSystems":true},"in2DMode":false,"pivot":{"x":-1.2115446329116822,"y":8.158227920532227,"z":-5.8038153648376469},"rotation":{"x":-0.007453822996467352,"y":-0.7041083574295044,"z":0.0073959012515842918,"w":-0.7100337147712708},"size":46.881874084472659,"orthographic":false}