{"cameraMode":{"drawMode":0,"name":"Shaded","section":"Shading Mode"},"sceneLighting":true,"audioPlay":false,"sceneViewState":{"showFog":true,"showMaterialUpdate":true,"showSkybox":true,"showFlares":true,"showImageEffects":true,"showParticleSystems":true},"in2DMode":false,"pivot":{"x":4.982550144195557,"y":4.650835990905762,"z":-12.307117462158204},"rotation":{"x":-0.035821277648210528,"y":0.9186249375343323,"z":-0.3840642273426056,"w":-0.08567928522825241},"size":27.307788848876954,"orthographic":false}